{
  "loss": 0.42676735440712144,
  "accuracy": 0.8060581841127342,
  "precision": 0.7462648119526017,
  "recall": 0.92704,
  "f1": 0.8268873983159697,
  "auc": 0.9086763136
}