{
  "loss": 0.3623539391533493,
  "accuracy": 0.8532768542809255,
  "precision": 0.8780821917808219,
  "recall": 0.82048,
  "f1": 0.8483043837882548,
  "auc": 0.9299243072
}