{
  "loss": 0.5076596371048246,
  "accuracy": 0.7577046035500743,
  "precision": 0.8093912041482619,
  "recall": 0.67432,
  "f1": 0.7357074277734136,
  "auc": 0.8542459231999999
}